City Name,Hotel Name in TBO,TBO hotel code,Hotel Name in TUI,TUI code,Check In Date,Check Out Date,cheapest Rate in TBO SRP,Cheapest rate in TUI SRP,Supplier in TUI,Date run on,No of adults,No Children,Meal,Room Type TBO,Room type in TUI
Krabi,Banthai Beach Resort & Spa,Hotel Not Found.,Banthai Beach Resort & Spa,Prices Not Available,00:00.0,00:00.0,NULL,NULL,,03:03.9,2,0,NULL,,
Krabi,The Scene Cliff View Villas,1846998,The Scene Cliff View Villas,809046,00:00.0,00:00.0,76132,78373.71,DOTW,03:07.2,2,0,NULL,VILLA KING BED NON SMOKING,One Bedroom Villa king bed
Krabi,ANDAMAN BREEZE RESORT,Hotel Not Found.,ANDAMAN BREEZE RESORT,812386,00:00.0,00:00.0,NULL,19426.61,DOTW,03:09.4,2,0,NULL,,DELUXE ROOM
Krabi,Krabi Tipa Resort,1080411,Krabi Tipa Resort,813966,00:00.0,00:00.0,14355,20478.96,DOTW,03:16.7,2,0,NULL,double or twin deluxe room,Deluxe
Krabi,Sunrise Tropical Resort,1244721,Sunrise Tropical Resort,816232,00:00.0,00:00.0,16785,24223.51,DOTW,03:20.6,2,0,NULL,Double room,TROPICAL CHALAY (DOUBLE)
Krabi,Kokotel Krabi Ao Nang,1315492,Kokotel Krabi Ao Nang,816604,00:00.0,00:00.0,17167,18548.07,HotelsBed,03:22.8,2,0,NULL,DOUBLE STANDARD,DOUBLE STANDARD
Krabi,Me Mee Bungalows,Hotel Not Found.,Me Mee Bungalows,817000,00:00.0,00:00.0,NULL,11336.57,DOTW,03:26.0,2,0,NULL,,Standard Double
Krabi,Krabi City Seaview Hotel,1377119,Krabi City Seaview Hotel,817966,00:00.0,00:00.0,11914,8129.37,DOTW,03:28.1,2,0,NULL,Standard room,Standard Room
Krabi,Pavilion Queen's Bay,Hotel Not Found.,Pavilion Queen's Bay,Prices Not Available,00:00.0,00:00.0,NULL,NULL,,03:29.9,2,0,NULL,,
Krabi,Dusit Thani Krabi Beach Resort,1016380,Dusit Thani Krabi Beach Resort,822362,00:00.0,00:00.0,50161,52124.41,DOTW,03:34.7,2,0,NULL,Deluxe Room King,Deluxe Room King
Krabi,Avani Aonang Cliff Beach Resort,1291973,Cliff Ao Nang Resort,Prices Not Available,00:00.0,00:00.0,16286,NULL,,03:39.1,2,0,NULL,Double or Twin AVANI,
Krabi,Ramada By Wyndham Aonang Krabi,1170121,Ramada By Wyndham Aonang Krabi,823639,00:00.0,00:00.0,17039,17855.31,DOTW,03:41.7,2,0,NULL,Room DELUXE,Deluxe Room
Krabi,Rayavadee,Hotel Not Found.,Rayavadee,827411,00:00.0,00:00.0,NULL,163108.83,DOTW,03:44.6,2,0,NULL,,Deluxe pavilion
Krabi,Krabi Heritage Hotel,1015464,Krabi Heritage Hotel,827414,00:00.0,00:00.0,13768,14304.66,DOTW,03:46.6,2,0,NULL,Room SUPERIOR,Superior Room
Krabi,Nakamanda Resort & Spa,Prices Not Available,Nakamanda Resort & Spa,Prices Not Available,00:00.0,00:00.0,NULL,NULL,,03:48.4,2,0,NULL,,
Krabi,Aonang Viva Resort,1273039,Aonang Viva Resort,830073,00:00.0,00:00.0,11490,12033.94,DOTW,03:50.5,2,0,NULL,Twin/Double room - Superior,Superior Room
Krabi,Aonang Mountain Paradise,Prices Not Available,Aonang Mountain Paradise,Prices Not Available,00:00.0,00:00.0,NULL,NULL,,03:52.5,2,0,NULL,,
Krabi,Mermaid Mansion Aonang,Prices Not Available,Mermaid Mansion Aonang,Prices Not Available,00:00.0,00:00.0,NULL,NULL,,03:54.1,2,0,NULL,,
Krabi,Tup Kaek Sunset Beach Resort,1213872,Tup Kaek Sunset,831067,00:00.0,00:00.0,43051,44283.48,DOTW,03:56.2,2,0,NULL,double or twin deluxe building,DELUXE BUILDING
Krabi,Papaya Phi Phi Resort,Prices Not Available,Papaya Phi Phi Resort,Prices Not Available,00:00.0,00:00.0,NULL,NULL,,03:57.8,2,0,NULL,,
Krabi,Krabi Cinta House,Prices Not Available,Krabi Cinta House,Prices Not Available,00:00.0,00:00.0,NULL,NULL,,03:59.5,2,0,NULL,,
Krabi,Mild Bungalow,1359103,Mild Bungalow,Prices Not Available,00:00.0,00:00.0,13456,NULL,,04:01.1,2,0,NULL,Superior Bungalow 1 King Bed,
Krabi,Aonang Good View,Prices Not Available,Aonang Good View,Prices Not Available,00:00.0,00:00.0,NULL,NULL,,04:03.3,2,0,NULL,,
Krabi,Sleep Whale Hotel,Prices Not Available,Sleep Whale Hotel,832960,00:00.0,00:00.0,NULL,8304.7,DOTW,04:05.2,2,0,NULL,,Superior Balcony
Krabi,Phra Nang Inn by Vacation Village,Hotel Not Found.,Phra Nang Inn by Vacation Village,833068,00:00.0,00:00.0,NULL,25335.52,DOTW,04:07.4,2,0,NULL,,SUPERIOR TWIN.
Krabi,Cha-Da Thai Village Resort,Hotel Not Found.,Cha-Da Thai Village Resort,833069,00:00.0,00:00.0,NULL,25351.62,DOTW,04:12.0,2,0,NULL,,DELUXE
Krabi,Koh Jum Beach Villas,1391875,Koh Jum Beach Villas,Prices Not Available,00:00.0,00:00.0,102327,NULL,,04:14.1,2,0,NULL,Villa,
Krabi,iCheck inn Klong Muang,Prices Not Available,iCheck inn Klong Muang,Prices Not Available,00:00.0,00:00.0,NULL,NULL,,04:15.7,2,0,NULL,,
Krabi,The Pelican Residence & Suites Krabi,Hotel Not Found.,The Pelican Residence & Suites Krabi,835968,00:00.0,00:00.0,NULL,59251.15,DOTW,04:18.0,2,0,NULL,,DELUXE ONE BEDROOM SUITE 81 SQ.M.
Krabi,Pn Mountain Resort And The Cliff Villas,Hotel Not Found.,Pn Mountain Resort And The Cliff Villas,Prices Not Available,00:00.0,00:00.0,NULL,NULL,,04:19.7,2,0,NULL,,
Istanbul,The Elysium Styles Hotel,Hotel Not Found.,The Elysium Styles Hotel,Prices Not Available,00:00.0,00:00.0,NULL,NULL,,04:22.3,2,0,NULL,,
Istanbul,Birbey,Hotel Not Found.,Birbey,Prices Not Available,00:00.0,00:00.0,NULL,NULL,,04:24.2,2,0,NULL,,
Istanbul,Ahmet Efendi Konagi,1682303,Ahmet Efendi Konagi,806802,00:00.0,00:00.0,12715,13047.97,HotelsBed,04:26.0,2,0,NULL,"Deluxe Double Room,1 Queen Bed,NonSmoking",DOUBLE STANDARD
Istanbul,Mega Residence Hotel,Hotel Not Found.,Mega Residence Hotel,Prices Not Available,00:00.0,00:00.0,NULL,NULL,,04:29.4,2,0,NULL,,
Istanbul,Lausos,Hotel Not Found.,Lausos,Prices Not Available,00:00.0,00:00.0,NULL,NULL,,04:31.3,2,0,NULL,,
Istanbul,Ibis Istanbul Esenyurt,1016872,Ibis Istanbul Esenyurt,808476,00:00.0,00:00.0,10987,11639.85,HotelsBed,04:33.9,2,0,NULL,Room with 1 double bed equipped with the new bedding,Room with 2 single beds equipped with the new bedding
Istanbul,Ibis Styles Istanbul Atasehir,Hotel Not Found.,Ibis Styles Istanbul Atasehir,808656,00:00.0,00:00.0,NULL,16308.85,DOTW,04:36.0,2,0,NULL,,Standard Room
Istanbul,El Gusto Hotel,1836270,El Gusto Hotel,Prices Not Available,00:00.0,00:00.0,29164,NULL,,04:37.7,2,0,NULL,"Standard Double Room, 1 King Bed, Smoking, Balcony",
Istanbul,Ottoman's Life Hotel Deluxe,Hotel Not Found.,Ottoman's Life Hotel Deluxe,808695,00:00.0,00:00.0,NULL,50805.23,HotelsBed,04:39.8,2,0,NULL,,SUITE GRAND
Istanbul,Global Suites Hotel,Hotel Not Found.,Global Suites Hotel,Prices Not Available,00:00.0,00:00.0,NULL,NULL,,04:43.8,2,0,NULL,,
Istanbul,Pasha Palace Hotel,Prices Not Available,Pasha Palace Hotel,Prices Not Available,00:00.0,00:00.0,NULL,NULL,,04:46.0,2,0,NULL,,
Istanbul,Stay Inn Taksim Hostel,Prices Not Available,Stay Inn Taksim Hostel,808786,00:00.0,00:00.0,NULL,6132.59,HotelsBed,04:48.2,2,0,NULL,,Bed in dormitory CAPACITY 2
Istanbul,Kumburgaz Marin Princess Hotel,1024827,Kumburgaz Marin Princess Hotel,808868,00:00.0,00:00.0,15650,29012.39,HotelsBed,04:50.2,2,0,NULL,double standard,TRIPLE STANDARD
Istanbul,FERMAN PERA HOTEL BEYOGLU,Hotel Not Found.,FERMAN PERA HOTEL BEYOGLU,808986,00:00.0,00:00.0,NULL,16461.82,DOTW,04:52.5,2,0,NULL,,Deluxe Double Room
Istanbul,Radisson Blu Hotel Vadistanbul,Hotel Not Found.,Radisson Blu Hotel Vadistanbul,808988,00:00.0,00:00.0,NULL,38446.11,HotelsBed,04:54.7,2,0,NULL,,DOUBLE STANDARD
Istanbul,The Meretto Hotel Laleli,Hotel Not Found.,The Meretto Hotel Laleli,809142,00:00.0,00:00.0,NULL,19784.43,HotelsBed,04:57.3,2,0,NULL,,DOUBLE STANDARD
Istanbul,Art City Hotel Istanbul,1283469,Art City Hotel,809182,00:00.0,00:00.0,12193,10046.54,HotelsBed,05:05.3,2,0,NULL,Double room - Economy,DOUBLE ECONOMY
Istanbul,Hotel Amira Istanbul,1361991,Amira Hotel,Prices Not Available,00:00.0,00:00.0,30736,NULL,,05:07.2,2,0,NULL,Twin/Double room,
Istanbul,Matiat Hotel Istanbul,1390451,Istanbul Matiat  Hotel,809187,00:00.0,00:00.0,23729,1939544.88,HotelsBed,05:09.4,2,0,NULL,Double room,TRIPLE STANDARD
Istanbul,Tilia Hotel,1357227,Tilia Hotel,809188,00:00.0,00:00.0,24244,40154.83,HotelsBed,05:12.0,2,0,NULL,DOUBLE STANDARD,DOUBLE STANDARD
Istanbul,Faros Hotel Taksim,1191940,Faros Hotel Taksim,Prices Not Available,00:00.0,00:00.0,20967,NULL,,05:15.6,2,0,NULL,Twin/Double room - De Luxe,
Istanbul,The Suadiye Residence,Prices Not Available,The Suadiye Residence,Prices Not Available,00:00.0,00:00.0,NULL,NULL,,05:17.5,2,0,NULL,,
Istanbul,Istanbul Golden City Hotel,1355779,Istanbul Golden city,809444,00:00.0,00:00.0,16536,16961.91,HotelsBed,05:21.6,2,0,NULL,double standard,DOUBLE STANDARD
Istanbul,Hotel Sultania Boutique Class,1357282,Sultania Hotel,809445,00:00.0,00:00.0,32313,33163.41,HotelsBed,05:23.9,2,0,NULL,double standard,DOUBLE STANDARD
Istanbul,Hotel Istanbul Trend,1361722,Istanbul Trend,809585,00:00.0,00:00.0,14152,18782.46,HotelsBed,05:27.0,2,0,NULL,DOUBLE STANDARD,DOUBLE STANDARD
Istanbul,Imga Hotel,Prices Not Available,Imga Hotel,Prices Not Available,00:00.0,00:00.0,NULL,NULL,,05:29.4,2,0,NULL,,
Istanbul,Sparkle Hotel,1688064,Sparkle Hotel,810075,00:00.0,00:00.0,19975,20947.43,HotelsBed,05:31.6,2,0,NULL,Room ECONOMY,QUADRUPLE ECONOMY
Istanbul,Fraser Place Antasya Istanbul,1493443,Fraser Place Antasya Istanbul,810082,00:00.0,00:00.0,20709,21248.91,HotelsBed,05:33.7,2,0,NULL,Studio - Executive,APARTMENT EXECUTIVE
Istanbul,Cihangir Hotel,1104599,Cihangir Hotel,Prices Not Available,00:00.0,00:00.0,19215,NULL,,05:35.7,2,0,NULL,Superior Bosporus View Triple Room,
Istanbul,Suiteness Taksim Hotel,1015092,Suiteness Taksim,811388,00:00.0,00:00.0,13235,18493.15,DOTW,05:44.2,2,0,NULL,Standard Room Non Ref,Ä°ki KiÅŸilik Oda
Paris,H?tel Albe Bastille,Hotel Not Found.,H?tel Albe Bastille,Prices Not Available,00:00.0,00:00.0,NULL,NULL,,05:46.3,2,0,NULL,,
Paris,Novotel Paris 17,1076424,Novotel Paris 17,Prices Not Available,00:00.0,00:00.0,45584,NULL,,05:47.9,2,0,NULL,double superior,
Paris,ibis Paris Gare du Nord Chateau Landon 10ème Hotel,1256774,Ibis Gare du Nord Chateau Landon,Prices Not Available,00:00.0,00:00.0,40295,NULL,,05:49.4,2,0,NULL,DOUBLE STANDARD,
Paris,H?tel Arc Paris Porte d?Orleans,Hotel Not Found.,H?tel Arc Paris Porte d?Orleans,Prices Not Available,00:00.0,00:00.0,NULL,NULL,,05:51.0,2,0,NULL,,
Paris,Residence Carouge,Hotel Not Found.,Residence Carouge,Prices Not Available,00:00.0,00:00.0,NULL,NULL,,05:52.5,2,0,NULL,,
Paris,Best Western Nouvel Orleans Montparnasse,Hotel Not Found.,Best Western Nouvel Orleans Montparnasse,804881,00:00.0,00:00.0,NULL,50925.11,HotelsBed,05:56.1,2,0,NULL,,DOUBLE QUEEN BED NON SMOKING
Paris,Hotel Saphir Grenelle,1302730,Hotel Saphir Grenelle,804946,00:00.0,00:00.0,47513,61743.05,DOTW,05:59.4,2,0,NULL,"Double Room,1 Double Bed,NonSmoking",Twin Room
Paris,La Clef Champs Elysées,1861615,La Clef Champs ElysÃ©es Paris,806606,00:00.0,00:00.0,106711,109534.97,DOTW,06:01.4,2,0,NULL,"Executive Room,1 King Bed,NonSmoking",Executive Room
Paris,Le Marcel Paris Gare de l'Est,Hotel Not Found.,Le Marcel Paris Gare de l'Est,807049,00:00.0,00:00.0,NULL,69826.64,DOTW,06:03.5,2,0,NULL,,Standard Double
Paris,La Cle d'Or,Hotel Not Found.,La Cle d'Or,Prices Not Available,00:00.0,00:00.0,NULL,NULL,,06:05.2,2,0,NULL,,
Paris,Troyon,Hotel Not Found.,Troyon,Prices Not Available,00:00.0,00:00.0,NULL,NULL,,06:07.0,2,0,NULL,,
Paris,Mary's,Hotel Not Found.,Mary's,Prices Not Available,00:00.0,00:00.0,NULL,NULL,,06:09.3,2,0,NULL,,
Paris,Prince Eugene,Prices Not Available,Prince Eugene,Prices Not Available,00:00.0,00:00.0,NULL,NULL,,06:11.1,2,0,NULL,,
Paris,Abricotel,Hotel Not Found.,Abricotel,Prices Not Available,00:00.0,00:00.0,NULL,NULL,,06:12.8,2,0,NULL,,
Paris,Best Western Montcalm,1296942,Best Western Montcalm,808166,00:00.0,00:00.0,53030,54423.95,HotelsBed,06:15.0,2,0,NULL,Double room,DOUBLE CLASSIC
Paris,Best Western Le Colisee,Hotel Not Found.,Best Western Le Colisee,Prices Not Available,00:00.0,00:00.0,NULL,NULL,,06:16.9,2,0,NULL,,
Paris,Best Western Gaillon Opera,1296199,Best Western Gaillon Opera,808169,00:00.0,00:00.0,57786,72555.13,HotelsBed,06:18.9,2,0,NULL,DOUBLE WITH DOUBLE BED,DOUBLE WITH DOUBLE BED
Paris,Hotel Plaza Elysees,Hotel Not Found.,Hotel Plaza Elysees,808171,00:00.0,00:00.0,NULL,100485.03,HotelsBed,06:21.5,2,0,NULL,,DOUBLE TWO SINGLE BEDS SUPERIOR
Paris,Best Western Empire Elysees,Hotel Not Found.,Best Western Empire Elysees,Prices Not Available,00:00.0,00:00.0,NULL,NULL,,06:23.3,2,0,NULL,,
Paris,Best Western Hôtel Folkestone Opera,1283650,Best Western Folkestone Opera,808174,00:00.0,00:00.0,53644,55037.66,DOTW,06:26.5,2,0,NULL,"1 DOUBLE BED,STANDARD ROOM,AIR CON",Classic Double Twin
Paris,Best Western Anjou Lafayette Opera,Hotel Not Found.,Best Western Anjou Lafayette Opera,808175,00:00.0,00:00.0,NULL,58577.65,HotelsBed,06:28.6,2,0,NULL,,DOUBLE WITH DOUBLE BED
Paris,Best Western Aramis Saint Germain,1059203,Best Western Aramis Saint-Germain,808177,00:00.0,00:00.0,54595,56015.47,HotelsBed,06:30.7,2,0,NULL,Twin/Double room,DOUBLE WITH DOUBLE BED
Paris,Best Western Left Bank-St. Germain,Hotel Not Found.,Best Western Left Bank-St. Germain,808182,00:00.0,00:00.0,NULL,64928.02,DOTW,06:34.3,2,0,NULL,,Standard
Paris,Hôtel A La Villa des Artistes,1151248,Hôtel A la Villa des Artistes,Prices Not Available,00:00.0,00:00.0,51872,NULL,,06:36.0,2,0,NULL,"CLASSIQUE (For 2 adults, 0 children and 0 infants)",
Paris,Best Western Au Trocadero,Hotel Not Found.,Best Western Au Trocadero,808187,00:00.0,00:00.0,NULL,62227.68,DOTW,06:38.2,2,0,NULL,,2 Single Beds Comfort
Paris,Best Western Hotel Eiffel Cambronne,1325349,Best Western Hotel Eiffel Cambronne,808192,00:00.0,00:00.0,48835,50356.13,HotelsBed,06:40.2,2,0,NULL,Double room,DOUBLE STANDARD
Paris,Hôtel Victor Hugo Paris Kléber,Hotel Not Found.,Hôtel Victor Hugo Paris Kléber,Prices Not Available,00:00.0,00:00.0,NULL,NULL,,06:42.1,2,0,NULL,,
Paris,Hotel Atrium,Hotel Not Found.,Hotel Atrium,Prices Not Available,00:00.0,00:00.0,NULL,NULL,,06:44.5,2,0,NULL,,
Paris,Best Western Paris Louvre Opera,Hotel Not Found.,Best Western Paris Louvre Opera,Prices Not Available,00:00.0,00:00.0,NULL,NULL,,06:46.5,2,0,NULL,,
Paris,Best Western Grand Hotel De L'Univers,Hotel Not Found.,Best Western Grand Hotel De L'Univers,Prices Not Available,00:00.0,00:00.0,NULL,NULL,,06:48.2,2,0,NULL,,
Paris,Best Western Aurore,1139191,Best Western Aurore,Prices Not Available,00:00.0,00:00.0,54144,NULL,,06:50.0,2,0,NULL,DOUBLE WITH DOUBLE BED,
Paris,Hotel Opera Richepanse,Hotel Not Found.,Hotel Opera Richepanse,808210,00:00.0,00:00.0,NULL,104665.57,HotelsBed,06:51.9,2,0,NULL,,Double or Twin SUPERIOR
Paris,Best Western Premier Amiral Hotel,Hotel Not Found.,Best Western Premier Amiral Hotel,808219,00:00.0,00:00.0,NULL,51329.23,DOTW,06:53.9,2,0,NULL,,Affaire - Double
Paris,Mercure Paris Notre Dame Saint Germain des Prés,1160489,Mercure Paris Notre Dame,808224,00:00.0,00:00.0,65368,67398.58,DOTW,06:56.4,2,0,NULL,Classic Room with 1 double bed,Classic Double Bed
Paris,Hotel Trianon Rive Gauche,1181877,Trianon Rive Gauche,808225,00:00.0,00:00.0,51377,67579.28,HotelsBed,06:58.4,2,0,NULL,Twin room,TWIN STANDARD
Paris,Best Western Hôtel Littéraire Arthur Rimbaud,1031498,Best Western HÃ´tel littÃ©raire Arthur Rimbaud,808240,00:00.0,00:00.0,39658,46773.2,HotelsBed,07:00.5,2,0,NULL,double standard,DOUBLE CLASSIC QUEEN BED
Paris,Best Western Hotel Ronceray Opera,Hotel Not Found.,Best Western Hotel Ronceray Opera,808244,00:00.0,00:00.0,NULL,50695.19,DOTW,07:03.3,2,0,NULL,,Standard Double Bed
Paris,ibis Paris Porte de Versailles Mairie d'Issy,Prices Not Available,ibis Paris Porte de Versailles Mairie d'Issy,Prices Not Available,00:00.0,00:00.0,NULL,NULL,,07:05.6,2,0,NULL,,
Paris,Hôtel ibis Paris Porte de Vanves Parc des Expositions,1304952,ibis Paris Porte de Vanves Parc des Expositions,808247,00:00.0,00:00.0,53582,60390.83,DOTW,07:07.5,2,0,NULL,"Standard Double Room, Multiple Beds,1 Double Bed and 1 Twin Bed,NonSmoking",Standard 1 Double + 1 Single Bed
Paris,Hôtel Mercure Paris Saint Cloud Hippodrome,1303774,Mercure Paris Saint Cloud Hippodrome,808250,00:00.0,00:00.0,47451,50047.49,DOTW,07:09.5,2,0,NULL,Classic Room with 1 double bed measuring 63 x 79" (160 x 200 cm),Classic Double Bed
Zurich,25hours Hotel Langstrasse,1626860,25HOURS HOTEL LANGSTRASSE,Prices Not Available,00:00.0,00:00.0,65850,NULL,,07:11.2,2,0,NULL,"Medium,1 Queen Bed,NonSmoking",
Zurich,Hotel Coronado,1065454,Hotel Coronado,Prices Not Available,00:00.0,00:00.0,50944,NULL,,07:13.0,2,0,NULL,"Double Room, 1 Queen Bed,NonSmoking",
Zurich,Sorell Hotel Seidenhof,Prices Not Available,Sorell Hotel Seidenhof,Prices Not Available,00:00.0,00:00.0,NULL,NULL,,07:14.8,2,0,NULL,,
Zurich,Sorell Hotel Rutli,Hotel Not Found.,Sorell Hotel Rutli,814038,00:00.0,00:00.0,NULL,73345.97,HotelsBed,07:18.1,2,0,NULL,,DOUBLE QUEEN SIZE BED
Zurich,X-Tra,Prices Not Available,X-Tra,Prices Not Available,00:00.0,00:00.0,NULL,NULL,,07:19.9,2,0,NULL,,
Zurich,Züri by Fassbind,1048472,ZÃ¼ri By Fassbind,814041,00:00.0,00:00.0,43838,45086.85,DOTW,07:23.6,2,0,NULL,double or twin business,Double
Zurich,Engimatt City-Gardenhotel,Hotel Not Found.,Engimatt City-Gardenhotel,814214,00:00.0,00:00.0,NULL,93470.35,DOTW,07:26.7,2,0,NULL,,COMFORT
Zurich,Steigenberger Bellerive au Lac,Prices Not Available,Steigenberger Bellerive au Lac,Prices Not Available,00:00.0,00:00.0,NULL,NULL,,07:28.5,2,0,NULL,,
Zurich,Hotel Schweizerhof Zürich,Hotel Not Found.,Hotel Schweizerhof ZÃ¼rich,814221,00:00.0,00:00.0,NULL,149760.93,DOTW,07:33.8,2,0,NULL,,Standard - Double
Zurich,Design Hotel Plattenhof,1011366,Plattenhof Hotel,814222,00:00.0,00:00.0,72627,103024.16,DOTW,07:36.4,2,0,NULL,double standard,Large Double Room
Zurich,Romantik Hotel Europe,1213711,Romantik Hotel Europe,Prices Not Available,00:00.0,00:00.0,90696,NULL,,07:38.1,2,0,NULL,Junior Suite,
Zurich,Marktgasse Hotel,1379841,Marktgasse Hotel,Prices Not Available,00:00.0,00:00.0,86370,NULL,,07:39.9,2,0,NULL,Basic Double Room,
Zurich,Bristol,Hotel Not Found.,Bristol,814225,00:00.0,00:00.0,NULL,78352.24,DOTW,07:46.7,2,0,NULL,,Large Double Room
Zurich,Park Inn by Radisson Zurich Airport,Hotel Not Found.,Park Inn by Radisson Zurich Airport,Prices Not Available,00:00.0,00:00.0,NULL,NULL,,07:48.9,2,0,NULL,,
Zurich,Rossli Hotel .,Hotel Not Found.,Rossli Hotel .,Prices Not Available,00:00.0,00:00.0,NULL,NULL,,07:51.4,2,0,NULL,,
Zurich,NH Zürich Airport,1211150,NH Zurich Airport,Prices Not Available,00:00.0,00:00.0,34437,NULL,,07:53.2,2,0,NULL,"Standard Double Room,2 Twin Beds,NonSmoking",
Zurich,Seehof .,Hotel Not Found.,Seehof .,Prices Not Available,00:00.0,00:00.0,NULL,NULL,,07:54.9,2,0,NULL,,
Zurich,Best Western Plus Hotel Zuercherhof,Hotel Not Found.,Best Western Plus Hotel Zuercherhof,Prices Not Available,00:00.0,00:00.0,NULL,NULL,,07:56.7,2,0,NULL,,
Zurich,Best Western Hotel Airport,Hotel Not Found.,Best Western Hotel Airport,Prices Not Available,00:00.0,00:00.0,NULL,NULL,,07:58.4,2,0,NULL,,
Zurich,Boutique Hotel Wellenberg,1064809,Boutique Hotel Wellenberg,816330,00:00.0,00:00.0,73880,76006.56,HotelsBed,08:01.7,2,0,NULL,double standard,DOUBLE STANDARD
Zurich,Minotel Atlantis Guesthouse Hotel,Hotel Not Found.,Minotel Atlantis Guesthouse Hotel,816351,00:00.0,00:00.0,NULL,59655.19,DOTW,08:03.7,2,0,NULL,,Twin Room
Zurich,Sorell Hotel Seefeld,1081077,Sorell Seefeld,Prices Not Available,00:00.0,00:00.0,90031,NULL,,08:05.5,2,0,NULL,DOUBLE QUEEN SIZE BED,
Zurich,Hotel City ZÜrich,1233986,City ZÃ¼rich,825981,00:00.0,00:00.0,64234,87490.59,DOTW,08:07.5,2,0,NULL,Economy Double Room,Economy Double Room
Zurich,Römertor,Hotel Not Found.,Römertor,Prices Not Available,00:00.0,00:00.0,NULL,NULL,,08:09.2,2,0,NULL,,
Zurich,Bären,Hotel Not Found.,BÃ¤ren,826040,00:00.0,00:00.0,NULL,68789.08,DOTW,08:11.6,2,0,NULL,,Standard Double Room
Zurich,25hours Hotel Zürich West,1011785,25hours ZÃ¼rich West,826083,00:00.0,00:00.0,50860,59461.53,HotelsBed,08:15.1,2,0,NULL,DOUBLE DOUBLE SILVER = Medium,DOUBLE DOUBLE SILVER = Medium
Zurich,Limmatblick,Hotel Not Found.,Limmatblick,Prices Not Available,00:00.0,00:00.0,NULL,NULL,,08:16.6,2,0,NULL,,
Zurich,Hotel Glockenhof Zurich,1042326,Hotel Glockenhof,826237,00:00.0,00:00.0,114731,126513.95,DOTW,08:21.0,2,0,NULL,German Double Style,STYLE ROOM
Zurich,Zurich Marriott Hotel,1033723,Marriott Hotel Zurich,Prices Not Available,00:00.0,00:00.0,119419,NULL,,08:22.8,2,0,NULL,"Deluxe Room, 1 King Bed, Non Smoking",
Zurich,Astor,Hotel Not Found.,Astor,Prices Not Available,00:00.0,00:00.0,NULL,NULL,,08:24.9,2,0,NULL,,
Zurich,Romantik Florhof,1319767,Romantik Florhof,Prices Not Available,00:00.0,00:00.0,112940,NULL,,08:26.5,2,0,NULL,Double Room (Medium),
Zurich,Zurzacherhof - geschlossen,Hotel Not Found.,Zurzacherhof - geschlossen,Prices Not Available,00:00.0,00:00.0,NULL,NULL,,08:28.3,2,0,NULL,,
Zurich,Best Western Hotel Spirgarten,1294868,BEST WESTERN Hotel Spirgarten,829042,00:00.0,00:00.0,41660,42105.99,HotelsBed,08:30.2,2,0,NULL,DOUBLE WITH DOUBLE BED,DOUBLE QUEEN SIZE BED
Zurich,Seestrasse Apartments Drei Könige,1319106,Seestrasse Apartments Drei KÃ¶nige Zurich,829048,00:00.0,00:00.0,41716,45874.11,HotelsBed,08:32.1,2,0,NULL,STUDIO STANDARD,STUDIO STANDARD
Zurich,Design Hotel Lady's First,Hotel Not Found.,Design Hotel Lady's First,Prices Not Available,00:00.0,00:00.0,NULL,NULL,,08:35.1,2,0,NULL,,
Zurich,Swiss-Belhotel Du Parc,Hotel Not Found.,Swiss-Belhotel Du Parc,Prices Not Available,00:00.0,00:00.0,NULL,NULL,,08:42.3,2,0,NULL,,
Zurich,Fleming's Hotel Zurich,Hotel Not Found.,Fleming's Hotel Zurich,Prices Not Available,00:00.0,00:00.0,NULL,NULL,,08:44.1,2,0,NULL,,
Zurich,Olympia,Hotel Not Found.,Olympia,829075,00:00.0,00:00.0,NULL,45468.85,HotelsBed,08:45.8,2,0,NULL,,Double or Twin STANDARD
Zurich,Walhalla,Hotel Not Found.,Walhalla,Prices Not Available,00:00.0,00:00.0,NULL,NULL,,08:47.3,2,0,NULL,,
Zurich,Guesthouse Gertrudstrasse,Hotel Not Found.,Guesthouse Gertrudstrasse,Prices Not Available,00:00.0,00:00.0,NULL,NULL,,08:49.4,2,0,NULL,,
Amsterdam and vicinity,Hotel Kooyk,Hotel Not Found.,Hotel Kooyk,Prices Not Available,00:00.0,00:00.0,NULL,NULL,,08:51.0,2,0,NULL,,
Amsterdam and vicinity,Amsterdam ID Aparthotel,Hotel Not Found.,Amsterdam ID Aparthotel,Prices Not Available,00:00.0,00:00.0,NULL,NULL,,08:55.4,2,0,NULL,,
Amsterdam and vicinity,Hotel Pontsteiger,Hotel Not Found.,Hotel Pontsteiger,Prices Not Available,00:00.0,00:00.0,NULL,NULL,,08:59.2,2,0,NULL,,
Amsterdam and vicinity,niu Dairy,Hotel Not Found.,niu Dairy,Prices Not Available,00:00.0,00:00.0,NULL,NULL,,09:00.9,2,0,NULL,,
Amsterdam and vicinity,Moxy Amsterdam Houthavens,Hotel Not Found.,Moxy Amsterdam Houthavens,Prices Not Available,00:00.0,00:00.0,NULL,NULL,,09:02.5,2,0,NULL,,
Amsterdam and vicinity,Quentin Zoo,Hotel Not Found.,Quentin Zoo,808970,00:00.0,00:00.0,NULL,57410.18,HotelsBed,09:06.7,2,0,NULL,,DOUBLE STANDARD
Amsterdam and vicinity,Postillion Hotel Amsterdam,Hotel Not Found.,Postillion Hotel Amsterdam,808978,00:00.0,00:00.0,NULL,50620.94,HotelsBed,09:08.5,2,0,NULL,,TWIN STANDARD
Amsterdam and vicinity,Holiday Inn Express Amsterdam Schiphol,1177007,Holiday Inn Express Amsterdam Schiphol,Prices Not Available,00:00.0,00:00.0,23007,NULL,,09:10.2,2,0,NULL,Twin/Double room,
Amsterdam and vicinity,Adagio Amsterdam City South,1783707,ADAGIO AMSTERDAM CITY SOUTH,812298,00:00.0,00:00.0,43174,57058.59,HotelsBed,09:12.0,2,0,NULL,Studio,Studio
Amsterdam and vicinity,Ambassade Hotel,Hotel Not Found.,Ambassade Hotel,Prices Not Available,00:00.0,00:00.0,NULL,NULL,,09:13.7,2,0,NULL,,
Amsterdam and vicinity,Des Arts .,Hotel Not Found.,Des Arts .,Prices Not Available,00:00.0,00:00.0,NULL,NULL,,09:18.2,2,0,NULL,,
Amsterdam and vicinity,Hotel Di Ann,Hotel Not Found.,Hotel Di Ann,Prices Not Available,00:00.0,00:00.0,NULL,NULL,,09:19.7,2,0,NULL,,
Amsterdam and vicinity,Heemskerk,Hotel Not Found.,Heemskerk,Prices Not Available,00:00.0,00:00.0,NULL,NULL,,09:21.4,2,0,NULL,,
Amsterdam and vicinity,Atlanta,Hotel Not Found.,Atlanta,813975,00:00.0,00:00.0,NULL,39020.46,HotelsBed,09:28.7,2,0,NULL,,TWIN WITH SHARED BATHROOM
Amsterdam and vicinity,The Alfred Hotel,Hotel Not Found.,The Alfred Hotel,813976,00:00.0,00:00.0,NULL,47443.26,HotelsBed,09:30.6,2,0,NULL,,DOUBLE STANDARD
Amsterdam and vicinity,Dutch Design Hotel Artemis,1063463,Dutch Design Hotel Artemis,814065,00:00.0,00:00.0,25798,26476.15,HotelsBed,09:35.1,2,0,NULL,Double room - Superior,DOUBLE SUPERIOR
Amsterdam and vicinity,Botel,Hotel Not Found.,Botel,814066,00:00.0,00:00.0,NULL,40691.6,HotelsBed,09:36.9,2,0,NULL,,Room WITH DOUBLE BED
Amsterdam and vicinity,Vondel,Hotel Not Found.,Vondel,814067,00:00.0,00:00.0,NULL,56129.09,HotelsBed,09:38.7,2,0,NULL,,DOUBLE BASEMENT WITH SMALL WINDOW
Amsterdam and vicinity,Estherea,Hotel Not Found.,Estherea,Prices Not Available,00:00.0,00:00.0,NULL,NULL,,09:40.4,2,0,NULL,,
Amsterdam and vicinity,Max Brown Hotel Museum Square,1151311,Max Brown Hotel Museum Square,Prices Not Available,00:00.0,00:00.0,55600,NULL,,09:46.1,2,0,NULL,TWIN STANDARD,
Amsterdam and vicinity,New West Inn,Hotel Not Found.,New West Inn,814070,00:00.0,00:00.0,NULL,30134.24,HotelsBed,09:48.4,2,0,NULL,,TWIN CLASSIC
Amsterdam and vicinity,Imperial .,Hotel Not Found.,Imperial .,Prices Not Available,00:00.0,00:00.0,NULL,NULL,,09:50.1,2,0,NULL,,
Amsterdam and vicinity,Bastion Hotel Amsterdam Noord,1045195,Bastion Hotel Amsterdam Noord,814074,00:00.0,00:00.0,30722,31521.79,HotelsBed,09:54.0,2,0,NULL,Twin room - Comfort,TWIN COMFORT
Amsterdam and vicinity,Trianon Hotel,Hotel Not Found.,Trianon Hotel,814076,00:00.0,00:00.0,NULL,24840.8,HotelsBed,09:58.4,2,0,NULL,,TWIN BUNK BED
Amsterdam and vicinity,Bastion Hotel Schiphol Hoofddorp,1064285,Bastion Hotel Schiphol Hoofddorp,814138,00:00.0,00:00.0,28143,28875.51,HotelsBed,10:00.7,2,0,NULL,twin comfort,TWIN COMFORT
Amsterdam and vicinity,Best Western Amsterdam Airport Hotel,1064263,Best Western Amsterdam Airport Hotel,Prices Not Available,00:00.0,00:00.0,25599,NULL,,10:03.0,2,0,NULL,Twin room - De Luxe,
Amsterdam and vicinity,Bastion Hotel Amsterdam Zuidwest,1032226,Bastion Hotel Amsterdam Zuidwest,Prices Not Available,00:00.0,00:00.0,31480,NULL,,10:05.5,2,0,NULL,twin comfort,
Amsterdam and vicinity,Hotel Casa Amsterdam,Hotel Not Found.,Hotel Casa Amsterdam,814255,00:00.0,00:00.0,NULL,40279.18,HotelsBed,10:07.4,2,0,NULL,,TWIN STANDARD
Amsterdam and vicinity,Europa '92,Hotel Not Found.,Europa '92,Prices Not Available,00:00.0,00:00.0,NULL,NULL,,10:08.9,2,0,NULL,,
Amsterdam and vicinity,Amsterdam House Hotel,Hotel Not Found.,Amsterdam House Hotel,Prices Not Available,00:00.0,00:00.0,NULL,NULL,,10:10.6,2,0,NULL,,
Amsterdam and vicinity,Xo Hotels Van Gogh,Hotel Not Found.,Xo Hotels Van Gogh,Prices Not Available,00:00.0,00:00.0,NULL,NULL,,10:12.3,2,0,NULL,,
Amsterdam and vicinity,International Hotel,Hotel Not Found.,International Hotel,Prices Not Available,00:00.0,00:00.0,NULL,NULL,,10:14.8,2,0,NULL,,
Amsterdam and vicinity,Campanile Amsterdam,Hotel Not Found.,Campanile Amsterdam,814365,00:00.0,00:00.0,NULL,32880.71,HotelsBed,10:19.1,2,0,NULL,,DOUBLE STANDARD
Amsterdam and vicinity,Best Western Amsterdam Airport Hotel Uithoorn,1318295,Best Western Amsterdam Airport Hotel Uithoorn,816043,00:00.0,00:00.0,31423,32240.16,HotelsBed,10:20.9,2,0,NULL,"1 QUEEN BED,NSMK,BUSINESRM,FLAT TV,  BATH OR SHOWER",DOUBLE QUEEN BED NON SMOKING
Amsterdam and vicinity,Best Western Hotel De Rustende Jager,Hotel Not Found.,Best Western Hotel De Rustende Jager,Prices Not Available,00:00.0,00:00.0,NULL,NULL,,10:22.6,2,0,NULL,,
Amsterdam and vicinity,The ED Amsterdam,Hotel Not Found.,The ED Amsterdam,Prices Not Available,00:00.0,00:00.0,NULL,NULL,,10:24.3,2,0,NULL,,
Amsterdam and vicinity,Eden Hotel Amsterdam,Hotel Not Found.,Eden Hotel Amsterdam,816296,00:00.0,00:00.0,NULL,50369.55,HotelsBed,10:27.5,2,0,NULL,,TWIN STANDARD
Amsterdam and vicinity,The Lancaster Hotel Amsterdam,1160591,The Lancaster Hotel Amsterdam,816298,00:00.0,00:00.0,38859,45899.16,HotelsBed,10:30.1,2,0,NULL,DOUBLE BASIC,Double or Twin STANDARD
Amsterdam and vicinity,Courtyard Amsterdam Airport,Hotel Not Found.,Courtyard Amsterdam Airport,Prices Not Available,00:00.0,00:00.0,NULL,NULL,,10:31.8,2,0,NULL,,
Amsterdam and vicinity,West Side Inn Amsterdam,Hotel Not Found.,West Side Inn Amsterdam,816507,00:00.0,00:00.0,NULL,33634.87,HotelsBed,10:33.5,2,0,NULL,,DOUBLE STANDARD
Prague,Hotel Prague Center Plaza,Hotel Not Found.,Hotel Prague Center Plaza,Prices Not Available,00:00.0,00:00.0,NULL,NULL,,10:35.1,2,0,NULL,,
Prague,Clarion Congress Hotel Prague,1288874,Clarion Congress Hotel Prague,Prices Not Available,00:00.0,00:00.0,16934,NULL,,10:37.0,2,0,NULL,Twin/Double room,
Prague,Old Town - Aparthotel Michalska,Hotel Not Found.,Old Town - Aparthotel Michalska,Prices Not Available,00:00.0,00:00.0,NULL,NULL,,10:43.8,2,0,NULL,,
Prague,Old Town - Apple Apartments,Hotel Not Found.,Old Town - Apple Apartments,Prices Not Available,00:00.0,00:00.0,NULL,NULL,,10:46.5,2,0,NULL,,
Prague,Hostel Dakura,Prices Not Available,Hostel Dakura,Prices Not Available,00:00.0,00:00.0,NULL,NULL,,10:48.1,2,0,NULL,,
Prague,Vinohradsky Dum,Hotel Not Found.,Vinohradsky Dum,809136,00:00.0,00:00.0,NULL,29480.27,HotelsBed,10:51.4,2,0,NULL,,APARTMENT WITH LIVING ROOM SUITE
Prague,Mamaison Residence Belgicka,1247529,Mamaison Residence Belgicka Prague,Prices Not Available,00:00.0,00:00.0,17076,NULL,,10:54.0,2,0,NULL,Studio,
Prague,Hotel Pav,Hotel Not Found.,Hotel Pav,Prices Not Available,00:00.0,00:00.0,NULL,NULL,,10:55.8,2,0,NULL,,
Prague,Chateau Clara Futura,Hotel Not Found.,Chateau Clara Futura,Prices Not Available,00:00.0,00:00.0,NULL,NULL,,10:57.4,2,0,NULL,,
Prague,Alveo Suites,1903241,Alveo Suites,Prices Not Available,00:00.0,00:00.0,20144,NULL,,11:05.0,2,0,NULL,Junior Suite,
Prague,Elizabeth Suites,1698984,Elizabeth Suites,810113,00:00.0,00:00.0,71650,73564.25,HotelsBed,11:07.1,2,0,NULL,Junior Suite - Twin/Double,JUNIOR SUITE STANDARD
Prague,Old Town Skorepka Apartments,5348404,Old Town - Skorepka Apartments,Prices Not Available,00:00.0,00:00.0,24403,NULL,,11:11.9,2,0,NULL,"Economy Apartment,1 King Bed,NonSmoking",
Prague,Balbin ,Hotel Not Found.,Balbin ,Prices Not Available,00:00.0,00:00.0,NULL,NULL,,11:13.5,2,0,NULL,,
Prague,Apartments Letna U Sparty,Hotel Not Found.,Apartments Letna U Sparty,Prices Not Available,00:00.0,00:00.0,NULL,NULL,,11:15.2,2,0,NULL,,
Prague,Innside by Meliá Prague Old Town,Hotel Not Found.,Innside by Meliá Prague Old Town,Prices Not Available,00:00.0,00:00.0,NULL,NULL,,11:16.8,2,0,NULL,,
Prague,Aron,Hotel Not Found.,Aron,813762,00:00.0,00:00.0,NULL,12314.59,DOTW,11:19.8,2,0,NULL,,Double or Twin Room
Prague,Residence la Fenice,Hotel Not Found.,Residence la Fenice,813848,00:00.0,00:00.0,NULL,23944.57,DOTW,11:22.3,2,0,NULL,,DOUBLE ROOM
Prague,Stirka ,Hotel Not Found.,Stirka ,Prices Not Available,00:00.0,00:00.0,NULL,NULL,,11:23.9,2,0,NULL,,
Prague,NYX Hotel Prague by Leonardo Hotels,1198746,Hotel Leonardo Prague,Prices Not Available,00:00.0,00:00.0,24321,NULL,,11:28.3,2,0,NULL,double or twin little star,
Prague,Prague Centre Superior,1064109,Prague Centre Superior,Prices Not Available,00:00.0,00:00.0,15373,NULL,,11:30.5,2,0,NULL,double or twin standard,
Prague,Casa Italia,1064230,Casa Italia,Prices Not Available,00:00.0,00:00.0,14513,NULL,,11:32.4,2,0,NULL,Standard Studio Apartment Double,
Prague,Hotel Tivoli Prague,1067307,Hotel Tivoli Prague,Prices Not Available,00:00.0,00:00.0,12515,NULL,,11:34.7,2,0,NULL,Twin/Double room,
Prague,Ariston,Hotel Not Found.,Ariston,Prices Not Available,00:00.0,00:00.0,NULL,NULL,,11:36.4,2,0,NULL,,
Prague,Design Hotel Neruda,1034855,Design Hotel Neruda ,Prices Not Available,00:00.0,00:00.0,25106,NULL,,11:39.5,2,0,NULL,Basic Double Room,
Prague,Fortuna City,1168478,Fortuna City,816236,00:00.0,00:00.0,15004,17364.49,HotelsBed,11:42.2,2,0,NULL,Double or Twin STANDARD,Double or Twin STANDARD
Prague,Belvedere,Hotel Not Found.,Belvedere,816237,00:00.0,00:00.0,NULL,24029.38,HotelsBed,11:45.0,2,0,NULL,,Room WITH DOUBLE BED
Prague,Hotel Majestic Plaza Prague,Hotel Not Found.,Hotel Majestic Plaza Prague,Prices Not Available,00:00.0,00:00.0,NULL,NULL,,11:49.8,2,0,NULL,,
Prague,Olympik Tristar,Hotel Not Found.,Olympik Tristar,Prices Not Available,00:00.0,00:00.0,NULL,NULL,,11:51.6,2,0,NULL,,
Prague,Central Hotel Prague,1154594,Central Hotel Prague,816362,00:00.0,00:00.0,20985,29502.29,DOTW,11:55.0,2,0,NULL,double or twin standard,Superior Double Room
Prague,TOP Hotel Praha,1167920,Top Hotel Praha,816363,00:00.0,00:00.0,14420,14792.47,HotelsBed,11:57.0,2,0,NULL,double or twin standard,Double or Twin STANDARD
Prague,Hotel Kinsky Garden,1160078,Kinsky Garden,816364,00:00.0,00:00.0,22016,22589.05,HotelsBed,11:59.0,2,0,NULL,double or twin standard,Double or Twin STANDARD
Prague,Casa Marcello,1154369,Casa Marcello,816374,00:00.0,00:00.0,27089,27816.29,HotelsBed,12:01.4,2,0,NULL,double or twin standard,Double or Twin STANDARD
Prague,Clarion Hotel Prague Old Town,1066512,Clarion Hotel Prague Old Town,816376,00:00.0,00:00.0,22925,23734.16,DOTW,12:04.0,2,0,NULL,Double or Twin STANDARD,Superior 1 Double Bed
Prague,Josef,Hotel Not Found.,Josef,Prices Not Available,00:00.0,00:00.0,NULL,NULL,,12:05.7,2,0,NULL,,
Prague,U Pava .,1066528,U Pava .,Prices Not Available,00:00.0,00:00.0,29775,NULL,,12:07.5,2,0,NULL,Standard Double or Twin Room,
Prague,My Hotel Apollon,1086409,My Hotel Apollon,816379,00:00.0,00:00.0,16322,18386.84,DOTW,12:09.5,2,0,NULL,Twin/Double room,Double or Twin Room
Prague,Hotel U Krale Karla Prague,Hotel Not Found.,Hotel U Krale Karla Prague,816380,00:00.0,00:00.0,NULL,32024.88,DOTW,12:12.0,2,0,NULL,,Superior Double or Twin Room
Prague,Harmony Sivek Hotels,Hotel Not Found.,Harmony Sivek Hotels,Prices Not Available,00:00.0,00:00.0,NULL,NULL,,12:13.7,2,0,NULL,,
Prague,Rott,Hotel Not Found.,Rott,816383,00:00.0,00:00.0,NULL,55156.28,DOTW,12:15.7,2,0,NULL,,Standard Double or Twin Room
Prague,EA Hotel Tosca,1066504,EA Hotel Tosca,816384,00:00.0,00:00.0,19475,19994.66,HotelsBed,12:18.7,2,0,NULL,Double or Twin STANDARD,Double or Twin STANDARD
Prague,Maximilian,Hotel Not Found.,Maximilian,Prices Not Available,00:00.0,00:00.0,NULL,NULL,,12:20.5,2,0,NULL,,
Prague,Hotel Clement,1356724,Hotel Clement Prague,Prices Not Available,00:00.0,00:00.0,25131,NULL,,12:22.3,2,0,NULL,Standard Double or Twin Room,
Prague,Corinthia Hotel Prague,1155218,Hotel Corinthia Prague,Prices Not Available,00:00.0,00:00.0,34159,NULL,,12:25.4,2,0,NULL,Superior Room,
Prague,Panorama Hotel Prague,1155217,Panorama Hotel Prague,Prices Not Available,00:00.0,00:00.0,22377,NULL,,12:27.2,2,0,NULL,Twin/Double room - Superior,
Prague,Olympik,Hotel Not Found.,Olympik,Prices Not Available,00:00.0,00:00.0,NULL,NULL,,12:28.9,2,0,NULL,,
Prague,Victoria,Hotel Not Found.,Victoria,816582,00:00.0,00:00.0,NULL,26083.47,DOTW,12:31.0,2,0,NULL,,STANDARD DOUBLE ROOM
Prague,The Charles Hotel,Hotel Not Found.,The Charles Hotel,816585,00:00.0,00:00.0,NULL,25656.69,HotelsBed,12:33.0,2,0,NULL,,DOUBLE STANDARD
Prague,Vienna House Diplomat Prague,1155948,Vienna House Diplomat Prague,816587,00:00.0,00:00.0,25621,28569.55,DOTW,12:35.4,2,0,NULL,Double or Twin SUPERIOR,STANDARD
Prague,Blue Key,Prices Not Available,Blue Key,Prices Not Available,00:00.0,00:00.0,NULL,NULL,,12:37.1,2,0,NULL,,
Prague,Wellness Hotel Step,1208081,Wellness Hotel Step,Prices Not Available,00:00.0,00:00.0,56005,NULL,,12:38.9,2,0,NULL,Double room - Economy,
Budapest,Ibis Styles Budapest Center,1163461,Ibis Styles Budapest Center,Prices Not Available,00:00.0,00:00.0,20874,NULL,,12:40.4,2,0,NULL,Twin/Double room,
Budapest,HOTEL PARK INN BY RADISSON,Hotel Not Found.,HOTEL PARK INN BY RADISSON,Prices Not Available,00:00.0,00:00.0,NULL,NULL,,12:41.9,2,0,NULL,,
Budapest,Agape Apartments,1269328,Agape Apartments,Prices Not Available,00:00.0,00:00.0,10673,NULL,,12:48.4,2,0,NULL,apartment capacity 2,
Budapest,Mango Aparthotel,1319068,Mango Aparthotel,807335,00:00.0,00:00.0,15781,22969.26,HotelsBed,12:50.2,2,0,NULL,Studio,APARTMENT CAPACITY 4
Budapest,Parisi Udvar Hotel Budapest,Hotel Not Found.,Parisi Udvar Hotel Budapest,808642,00:00.0,00:00.0,NULL,103117.89,HotelsBed,12:52.1,2,0,NULL,,TWIN STANDARD
Budapest,Mamaison Residence Izabella Budapest,1240801,Mamaison Residence Izabella Budapest,Prices Not Available,00:00.0,00:00.0,25781,NULL,,12:53.9,2,0,NULL,suite classic,
Budapest,Cosmo City Hotel,1280730,Cosmo City Hotel,Prices Not Available,00:00.0,00:00.0,15562,NULL,,12:55.8,2,0,NULL,Twin/Double room,
Budapest,Danubius Health Spa Resort Margitsziget,1342216,Danubius Health Spa Resort Margitsziget,Prices Not Available,00:00.0,00:00.0,24370,NULL,,12:57.5,2,0,NULL,Premium Twin Room,
Budapest,Danubius Hotel Helia,1155557,Danubius Hotel Helia,Prices Not Available,00:00.0,00:00.0,23037,NULL,,13:00.3,2,0,NULL,Standard Room,
Budapest,Monastery Boutique Hotel Budapest,Hotel Not Found.,Monastery Boutique Hotel Budapest,Prices Not Available,00:00.0,00:00.0,NULL,NULL,,13:05.9,2,0,NULL,,
Budapest,Hunor,Hotel Not Found.,Hunor,Prices Not Available,00:00.0,00:00.0,NULL,NULL,,13:07.6,2,0,NULL,,
Budapest,Novum Hotel Golden Park Budapest,Prices Not Available,Novum Hotel Golden Park Budapest,Prices Not Available,00:00.0,00:00.0,NULL,NULL,,13:09.4,2,0,NULL,,
Budapest,Omnibusz,Hotel Not Found.,Omnibusz,Prices Not Available,00:00.0,00:00.0,NULL,NULL,,13:11.0,2,0,NULL,,
Budapest,Bara,Hotel Not Found.,Bara,Prices Not Available,00:00.0,00:00.0,NULL,NULL,,13:12.7,2,0,NULL,,
Budapest,Leonardo Hotel Budapest,Hotel Not Found.,Leonardo Hotel Budapest,Prices Not Available,00:00.0,00:00.0,NULL,NULL,,13:15.2,2,0,NULL,,
Budapest,Mercure Budapest City Center,1179110,Mercure Budapest City Center,813993,00:00.0,00:00.0,29341,43779.08,DOTW,13:17.3,2,0,NULL,Superior room with the touch of Budapest - excl usive comfort with double bed,SUPERIOR
Budapest,Pilvax,Hotel Not Found.,Pilvax,Prices Not Available,00:00.0,00:00.0,NULL,NULL,,13:20.6,2,0,NULL,,
Budapest,City Hotel Matyas,1162924,City Hotel Matyas,Prices Not Available,00:00.0,00:00.0,13884,NULL,,13:24.5,2,0,NULL,Double or Twin STANDARD,
Budapest,City Hotel Ring,1154804,City Hotel Ring,Prices Not Available,00:00.0,00:00.0,14723,NULL,,13:27.9,2,0,NULL,Double or Twin STANDARD,
Budapest,Oriental,Hotel Not Found.,Oriental,Prices Not Available,00:00.0,00:00.0,NULL,NULL,,13:30.0,2,0,NULL,,
Budapest,Alfa Hotel Fiesta,Prices Not Available,Alfa Hotel Fiesta,Prices Not Available,00:00.0,00:00.0,NULL,NULL,,13:31.6,2,0,NULL,,
Budapest,Carlton Hotel Budapest,1154254,Carlton Hotel Budapest,Prices Not Available,00:00.0,00:00.0,29545,NULL,,13:33.6,2,0,NULL,Double room,
Budapest,Agro Panorama,Prices Not Available,Agro Panorama,Prices Not Available,00:00.0,00:00.0,NULL,NULL,,13:35.2,2,0,NULL,,
Budapest,Normafa,Hotel Not Found.,Normafa,Prices Not Available,00:00.0,00:00.0,NULL,NULL,,13:39.1,2,0,NULL,,
Budapest,Inn-Side Hotel Délibab,Hotel Not Found.,Inn-Side Hotel Délibab,Prices Not Available,00:00.0,00:00.0,NULL,NULL,,13:40.8,2,0,NULL,,
Budapest,Gerand Hotel Ventura,Hotel Not Found.,Gerand Hotel Ventura,Prices Not Available,00:00.0,00:00.0,NULL,NULL,,13:42.8,2,0,NULL,,
Budapest,Eben,Hotel Not Found.,Eben,Prices Not Available,00:00.0,00:00.0,NULL,NULL,,13:44.8,2,0,NULL,,
Budapest,Mediterran,Hotel Not Found.,Mediterran,814406,00:00.0,00:00.0,NULL,31577.41,DOTW,13:46.9,2,0,NULL,,Double or Twin
Budapest,Swing City,Prices Not Available,Swing City,Prices Not Available,00:00.0,00:00.0,NULL,NULL,,13:48.7,2,0,NULL,,
Budapest,Alta Moda Fashion Hotel,Prices Not Available,Alta Moda Fashion Hotel,Prices Not Available,00:00.0,00:00.0,NULL,NULL,,13:50.3,2,0,NULL,,
Budapest,Hotel Hungaria City Center,1159043,City-Hotel,Prices Not Available,00:00.0,00:00.0,14143,NULL,,13:55.9,2,0,NULL,Standard Double Room,
Budapest,Inn Side Hotel Kalvin House,1068096,Kalvin House,Prices Not Available,00:00.0,00:00.0,22594,NULL,,13:57.7,2,0,NULL,"Standard Double or Twin Room,2 Twin Beds,NonSmoking",
Budapest,Amiga Hostel,Prices Not Available,Amiga Hostel,Prices Not Available,00:00.0,00:00.0,NULL,NULL,,13:59.4,2,0,NULL,,
Budapest,Ibis Styles Budapest City,1163496,Ibis Styles Budapest City,816331,00:00.0,00:00.0,13018,13356.61,DOTW,14:01.4,2,0,NULL,double or twin standard,Design Double
Budapest,Gloria Budapest City Center,Hotel Not Found.,Gloria Budapest City Center,816365,00:00.0,00:00.0,NULL,16277.72,DOTW,14:03.4,2,0,NULL,,Standard Plus
Budapest,Hotel Erzsébet City Center,1156648,Hotel ErzsÃ©bet City Center,816367,00:00.0,00:00.0,14876,18812.07,DOTW,14:07.2,2,0,NULL,Standard Twin Room 2 Twin Beds,Standard Twin
Budapest,Hotel Hungaria City Center,1159043,Hotel Hungaria City Center,Prices Not Available,00:00.0,00:00.0,14143,NULL,,14:09.0,2,0,NULL,Standard Double Room,
Budapest,Danubius Budapest,Hotel Not Found.,Danubius Budapest,Prices Not Available,00:00.0,00:00.0,NULL,NULL,,14:10.8,2,0,NULL,,
Budapest,Helios Hotel Pension,1139240,Helios Hotel Pension,Prices Not Available,00:00.0,00:00.0,14758,NULL,,14:12.6,2,0,NULL,Basic Double or Twin Room,
Budapest,The Three Corners Hotel Art Superior,1153321,The Three Corners Hotel Art,Prices Not Available,00:00.0,00:00.0,26752,NULL,,14:14.4,2,0,NULL,Twin/Double room - Comfort,
Madrid,Exe Moncloa,1023537,EXE Moncloa,804850,00:00.0,00:00.0,38980,45213.88,DOTW,14:21.9,2,0,NULL,Double/twin (2 pers),Double
Madrid,Sleep´N Atocha,Hotel Not Found.,Sleep´N Atocha,Prices Not Available,00:00.0,00:00.0,NULL,NULL,,14:23.7,2,0,NULL,,
Madrid,Hostal Oriente Hs,Hotel Not Found.,Hostal Oriente Hs,Prices Not Available,00:00.0,00:00.0,NULL,NULL,,14:26.3,2,0,NULL,,
Madrid,Westin Palace Hotel,1181110,Westin Palace Madrid,Prices Not Available,00:00.0,00:00.0,96804,NULL,,14:28.1,2,0,NULL,Twin room - De Luxe,
Madrid,Novotel Madrid Center,1037174,Novotel Madrid Center,805723,00:00.0,00:00.0,42535,49075.53,DOTW,14:30.2,2,0,NULL,Double room,Standard Room With Twin Beds
Madrid,Hotel Miguel Angel by BlueBay,1163697,Miguel Angel by BlueBay,805732,00:00.0,00:00.0,41858,45038.54,HotelsBed,14:32.4,2,0,NULL,DOUBLE STANDARD,TWIN TWO DOUBLE BEDS
Madrid,Hotel Ritz Madrid,Hotel Not Found.,Hotel Ritz Madrid,Prices Not Available,00:00.0,00:00.0,NULL,NULL,,14:34.2,2,0,NULL,,
Madrid,City House Florida Norte Hotel by Faranda,1023667,City House Hotel Florida Norte By Faranda,805788,00:00.0,00:00.0,22987,23603.54,HotelsBed,14:41.1,2,0,NULL,double standard,DOUBLE STANDARD
Madrid,Villa Real Hotel,1184558,Villa Real,805915,00:00.0,00:00.0,42124,55998.47,DOTW,14:44.6,2,0,NULL,DOUBLE SUPERIOR,Superior Room
Madrid,Asturias,Hotel Not Found.,Asturias,Prices Not Available,00:00.0,00:00.0,NULL,NULL,,14:46.3,2,0,NULL,,
Madrid,Emperador,Hotel Not Found.,Emperador,805925,00:00.0,00:00.0,NULL,36339.29,HotelsBed,14:50.0,2,0,NULL,,DOUBLE STANDARD
Madrid,Hotel Mayorazgo,1037622,Hotel Mayorazgo,805933,00:00.0,00:00.0,41767,60684.24,DOTW,14:53.0,2,0,NULL,Double Room (Temática),Superior Double
Madrid,Santos Agumar,Hotel Not Found.,Santos Agumar,Prices Not Available,00:00.0,00:00.0,NULL,NULL,,14:54.8,2,0,NULL,,
Madrid,Gran Melia Fenix,Hotel Not Found.,Gran Melia Fenix,805946,00:00.0,00:00.0,NULL,87082.37,DOTW,14:57.0,2,0,NULL,,classic
Madrid,Apartamentos Leganitos,1862954,Apartamentos Leganitos,806641,00:00.0,00:00.0,32265,38063.22,HotelsBed,14:58.9,2,0,NULL,Studio - Double,STUDIO STANDARD
Madrid,La Estrella Hostal,1542005,Hostal La Estrella,Prices Not Available,00:00.0,00:00.0,15628,NULL,,15:01.2,2,0,NULL,"Twin Room,2 Twin Beds,NonSmoking",
Madrid,Hoom Madrid Apartamentos Juan Bravo 56,Hotel Not Found.,Hoom Madrid Apartamentos Juan Bravo 56,Prices Not Available,00:00.0,00:00.0,NULL,NULL,,15:05.4,2,0,NULL,,
Madrid,Urban Vida Ribera,1815789,Urban Vida Ribera,806877,00:00.0,00:00.0,39078,37297.43,HotelsBed,15:07.7,2,0,NULL,"Superior Studio, 1 Queen Bed with Sofa bed,1 Queen Bed and 1 Double Sofa Bed,NonSmoking",APARTMENT SUPERIOR
Madrid,Acta Madfor Hotel,1196987,Acta Madfor Hotel,807148,00:00.0,00:00.0,22683,23264.48,DOTW,15:10.0,2,0,NULL,Double room,Double
Madrid,Sömn Apartments,1849183,SÃ¶mn Apartments,808653,00:00.0,00:00.0,30401,31190.78,HotelsBed,15:11.8,2,0,NULL,"Apartment, 1 Bedroom,2 Twin Beds,NonSmoking",STUDIO STANDARD
Madrid,L&H La Latina,Hotel Not Found.,L&H La Latina,Prices Not Available,00:00.0,00:00.0,NULL,NULL,,15:14.7,2,0,NULL,,
Madrid,Gran Central Suites,5326382,Gran Central Suites,809862,00:00.0,00:00.0,47683,51997.75,HotelsBed,15:16.6,2,0,NULL,STUDIO INTERIOR CAPACIDAD 2,STUDIO INTERIOR CAPACIDAD 2
Madrid,RIU Plaza España,Hotel Not Found.,RIU Plaza EspaÃ±a,809895,00:00.0,00:00.0,NULL,37718.79,HotelsBed,15:18.4,2,0,NULL,,TWIN TWIN DELUXE
Madrid,Hyatt Centric Gran Via Madrid,1653723,Hyatt Centric Gran Via Madrid,809896,00:00.0,00:00.0,83511,85686.3,DOTW,15:20.4,2,0,NULL,Twin room,2 Twin Beds
Madrid,Pestana Plaza Mayor Madrid,Hotel Not Found.,Pestana Plaza Mayor Madrid,Prices Not Available,00:00.0,00:00.0,NULL,NULL,,15:22.4,2,0,NULL,,
Madrid,L&H PLAZA MAYOR,Prices Not Available,L&H PLAZA MAYOR,Prices Not Available,00:00.0,00:00.0,NULL,NULL,,15:24.4,2,0,NULL,,
Madrid,Artrip Madrid,Hotel Not Found.,Artrip Madrid,Prices Not Available,00:00.0,00:00.0,NULL,NULL,,15:26.2,2,0,NULL,,
Madrid,Travelodge Madrid Alcala,1029469,Travelodge Madrid Alcala,811146,00:00.0,00:00.0,19905,20421.39,HotelsBed,15:30.0,2,0,NULL,Double room,TWIN TWO DOUBLE BEDS
Madrid,Ramon De La Cruz 41,1039963,Ramon De La Cruz 41,811252,00:00.0,00:00.0,37876,43840.97,DOTW,15:35.1,2,0,NULL,APARTMENT CAPACITY 2,Studio (2 Adults)
Madrid,Numancia,Hotel Not Found.,Numancia,811369,00:00.0,00:00.0,NULL,24481.16,HotelsBed,15:36.9,2,0,NULL,,TWIN TWO BEDS WITH SHARED BATHROOM
Madrid,Hostal CC Malasaña,Hotel Not Found.,Hostal CC MalasaÃ±a,812150,00:00.0,00:00.0,NULL,66146.1,HotelsBed,15:39.5,2,0,NULL,,DOUBLE STANDARD
Madrid,AC Hotel Coslada Aeropuerto by Marriott,1079375,AC Madrid Coslada Aeropuerto,Prices Not Available,00:00.0,00:00.0,26011,NULL,,15:41.3,2,0,NULL,"Standard Room, 1 Queen Bed, Non Smoking",
Madrid,Hostal Vegas,Prices Not Available,Hostal Vegas,Prices Not Available,00:00.0,00:00.0,NULL,NULL,,15:43.0,2,0,NULL,,
Madrid,TH Las Rozas,Prices Not Available,TH Las Rozas,Prices Not Available,00:00.0,00:00.0,NULL,NULL,,15:44.8,2,0,NULL,,
Madrid,NH Parla,Prices Not Available,NH Parla,Prices Not Available,00:00.0,00:00.0,NULL,NULL,,15:46.6,2,0,NULL,,
Madrid,Hotel Paseo del Arte,1127444,Paseo del Arte,814194,00:00.0,00:00.0,37997,40886.62,HotelsBed,15:53.6,2,0,NULL,DOUBLE STANDARD,TWIN STANDARD
Madrid,Regina,Hotel Not Found.,Regina,814326,00:00.0,00:00.0,NULL,59539.36,HotelsBed,15:55.4,2,0,NULL,,DOUBLE STANDARD
Madrid,Cortezo,Hotel Not Found.,Cortezo,814329,00:00.0,00:00.0,NULL,29811.28,HotelsBed,15:58.6,2,0,NULL,,DOUBLE STANDARD
Madrid,Petit Palace Plaza Mayor,1342742,Plaza Mayor,Prices Not Available,00:00.0,00:00.0,42124,NULL,,16:00.3,2,0,NULL,DOUBLE BASIC,
Madrid,City House Florida Norte Hotel by Faranda,1023667,Hotel Florida,Prices Not Available,00:00.0,00:00.0,22987,NULL,,16:02.1,2,0,NULL,double standard,
London,Crowne Plaza London Kensington,1028763,Crowne Plaza London - Kensington,Prices Not Available,00:00.0,00:00.0,54786,NULL,,16:05.2,2,0,NULL,Twin/Double room,
London,ibis London Earl's Court Hotel,Hotel Not Found.,ibis London Earl's Court Hotel,Prices Not Available,00:00.0,00:00.0,NULL,NULL,,16:06.8,2,0,NULL,,
London,Hyde Park Boutique Hotel,1370956,Hyde Park Boutique hotel,Prices Not Available,00:00.0,00:00.0,37096,NULL,,16:08.8,2,0,NULL,"Double Room,1 Double Bed,NonSmoking",
London,The Colonnade,1319211,The Colonnade,804887,00:00.0,00:00.0,22553,25692.47,HotelsBed,16:19.8,2,0,NULL,Double room,DOUBLE CLASSIC
London,Homestay Hotel,1240678,Homestay Hotel,Prices Not Available,00:00.0,00:00.0,29432,NULL,,16:22.0,2,0,NULL,"Classic Twin Room,2 Twin Beds,NonSmoking",
London,DoubleTree by Hilton Hotel London Ontario,1097516,DoubleTree by Hilton London Ontario,807196,00:00.0,00:00.0,51328,56633.65,HotelsBed,16:23.8,2,0,NULL,"2 DOUBLE BEDS, WIFI AVAILABLE-SWEET DREAMS EXPERIENCE BED, 37 INCH HD TV AND CLOCK WITH MP3",DOUBLE TWO DOUBLE BEDS
London,Go Native Aldgate East,Prices Not Available,Go Native Aldgate East,Prices Not Available,00:00.0,00:00.0,NULL,NULL,,16:25.7,2,0,NULL,,
London,Native Hyde Park,1075955,Native Hyde Park,Prices Not Available,00:00.0,00:00.0,66578,NULL,,16:27.6,2,0,NULL,"Studio (Small),1 Double Bed,NonSmoking",
London,Royal Chace Hotel,Hotel Not Found.,Royal Chace Hotel,Prices Not Available,00:00.0,00:00.0,NULL,NULL,,16:29.4,2,0,NULL,,
London,Kip London,Hotel Not Found.,Kip London,Prices Not Available,00:00.0,00:00.0,NULL,NULL,,16:31.3,2,0,NULL,,
London,One Commercial Street Apartments,Hotel Not Found.,One Commercial Street Apartments,Prices Not Available,00:00.0,00:00.0,NULL,NULL,,16:33.4,2,0,NULL,,
London,KX Lodge London,Hotel Not Found.,KX Lodge London,Prices Not Available,00:00.0,00:00.0,NULL,NULL,,16:35.2,2,0,NULL,,
London,OYO Flexistay Aparthotel Sutton,Hotel Not Found.,OYO Flexistay Aparthotel Sutton,808859,00:00.0,00:00.0,NULL,16631.8,HotelsBed,16:37.1,2,0,NULL,,DOUBLE STANDARD
London,Gower House Hotel,1050555,Gower House Hotel,Prices Not Available,00:00.0,00:00.0,77927,NULL,,16:39.1,2,0,NULL,DOUBLE STANDARD,
London,Courtyard Luton Airport,Hotel Not Found.,Courtyard Luton Airport,Prices Not Available,00:00.0,00:00.0,NULL,NULL,,16:41.7,2,0,NULL,,
London,Nhow London,Hotel Not Found.,Nhow London,808997,00:00.0,00:00.0,NULL,67256.32,DOTW,16:43.7,2,0,NULL,,Nhow Deluxe Superior
London,Courtfield Studios,1884103,Courtfield Studios,Prices Not Available,00:00.0,00:00.0,34957,NULL,,16:45.9,2,0,NULL,Studio,
London,OYO 124 Elstree Inn,Hotel Not Found.,OYO 124 Elstree Inn,Prices Not Available,00:00.0,00:00.0,NULL,NULL,,16:47.5,2,0,NULL,,
London,OYO Abbey Hotel,Hotel Not Found.,OYO Abbey Hotel,Prices Not Available,00:00.0,00:00.0,NULL,NULL,,16:49.1,2,0,NULL,,
London,OYO 116 Flexistay Addiscombe Aparthotel,Hotel Not Found.,OYO 116 Flexistay Addiscombe Aparthotel,Prices Not Available,00:00.0,00:00.0,NULL,NULL,,16:50.8,2,0,NULL,,
London,Atrium Hotel Heathrow,1850412,Atrium Hotel Heathrow,809797,00:00.0,00:00.0,24779,25493.87,HotelsBed,16:53.7,2,0,NULL,"Standard Double or Twin Room (1 Bedroom),2 Twin Beds,NonSmoking",DOUBLE STANDARD
London,Fusion Apartments,Prices Not Available,Fusion Apartments,Prices Not Available,00:00.0,00:00.0,NULL,NULL,,16:55.3,2,0,NULL,,
London,Avant Garde Apartments,Prices Not Available,Avant Garde Apartments,Prices Not Available,00:00.0,00:00.0,NULL,NULL,,16:57.0,2,0,NULL,,
London,Altitude Apartments,Prices Not Available,Altitude Apartments,Prices Not Available,00:00.0,00:00.0,NULL,NULL,,16:58.8,2,0,NULL,,
London,Baltimore Wharf Apartments,Hotel Not Found.,Baltimore Wharf Apartments,Prices Not Available,00:00.0,00:00.0,NULL,NULL,,17:00.5,2,0,NULL,,
London,Lincoln Plaza Two-Bedroom Apartments,Hotel Not Found.,Lincoln Plaza Two-Bedroom Apartments,Prices Not Available,00:00.0,00:00.0,NULL,NULL,,17:02.9,2,0,NULL,,
London,Shoreditch Square Apartments,Hotel Not Found.,Shoreditch Square Apartments,Prices Not Available,00:00.0,00:00.0,NULL,NULL,,17:04.6,2,0,NULL,,
London,Lincoln Plaza One-Bedroom Apartments,Hotel Not Found.,Lincoln Plaza One-Bedroom Apartments,Prices Not Available,00:00.0,00:00.0,NULL,NULL,,17:06.2,2,0,NULL,,
London,Cleveland Residences Apartments,Hotel Not Found.,Cleveland Residences Apartments,809962,00:00.0,00:00.0,NULL,58753.89,HotelsBed,17:08.9,2,0,NULL,,APARTMENT One-Bedroom 2-Pax
London,Access Canada Water,Hotel Not Found.,Access Canada Water,Prices Not Available,00:00.0,00:00.0,NULL,NULL,,17:10.5,2,0,NULL,,
London,Chancery Lane Apartments,Prices Not Available,Chancery Lane Apartments,Prices Not Available,00:00.0,00:00.0,NULL,NULL,,17:13.5,2,0,NULL,,
London,Emerson Court  Apartments,Prices Not Available,Emerson Court  Apartments,Prices Not Available,00:00.0,00:00.0,NULL,NULL,,17:15.1,2,0,NULL,,
London,Lexicon Apartments,Hotel Not Found.,Lexicon Apartments,Prices Not Available,00:00.0,00:00.0,NULL,NULL,,17:16.8,2,0,NULL,,
London,Angel Serviced Apartments,Hotel Not Found.,Angel Serviced Apartments,Prices Not Available,00:00.0,00:00.0,NULL,NULL,,17:18.5,2,0,NULL,,
London,Globeview Apartments,Hotel Not Found.,Globeview Apartments,Prices Not Available,00:00.0,00:00.0,NULL,NULL,,17:20.1,2,0,NULL,,
London,Lincoln Plaza Studio Apartments,Hotel Not Found.,Lincoln Plaza Studio Apartments,Prices Not Available,00:00.0,00:00.0,NULL,NULL,,17:22.2,2,0,NULL,,
London,Farringdon Apartments,Prices Not Available,Farringdon Apartments,Prices Not Available,00:00.0,00:00.0,NULL,NULL,,17:23.9,2,0,NULL,,
London,Heathrow One-Bedroom Apartments,Hotel Not Found.,Heathrow One-Bedroom Apartments,Prices Not Available,00:00.0,00:00.0,NULL,NULL,,17:25.5,2,0,NULL,,
London,Marlin Apartments Empire Square,1279365,London Square Apartments,Prices Not Available,00:00.0,00:00.0,50155,NULL,,17:27.2,2,0,NULL,studio standard,
London,St George Wharf Apartments,Hotel Not Found.,St George Wharf Apartments,809980,00:00.0,00:00.0,NULL,73425.59,HotelsBed,17:29.9,2,0,NULL,,APARTMENT ONE BEDROOM 2-PAX
